corr_strength,train_accuracy,test_accuracy,reconstruction_mse,mean_feature_correlation,sensitive_attribute_accuracy
0.2,0.7436666666666667,0.72625,0.5254756658502455,0.4492091829213497,0.57
0.5,0.818,0.76125,0.4622057945329906,0.8674089611521193,0.8475
0.8,0.8676666666666667,0.8925,0.11190658237392537,0.9652219938460342,0.91375
