seed,attack_enabled,attack_scale,target_client,canary_src,canary_dst,canary_loss,control_loss,exposure_gap,target_rank,mi_auc,mi_member_mean_loss,mi_nonmember_mean_loss
302,True,1.0,1,125,126,4.818565907782656,4.8603714082016936,0.041805500419037855,6,0.5,4.81861184428589,4.81860931984273
322,True,1.2,1,125,126,4.84214079730819,4.864243627016449,0.02210282970825883,39,0.5,4.823830375435271,4.823826463291132
342,True,1.4,1,125,126,4.56312633027696,4.827122702690522,0.2639963724135619,1,0.484375,4.822011084488876,4.8220105197673755
362,True,1.6,1,125,126,4.9324006548455,4.859385803791229,-0.07301485105427119,85,0.484375,4.8295332266988416,4.82953281457603
382,True,1.8,1,125,126,4.783467240463556,4.85994717704057,0.07647993657701413,19,0.515625,4.824666287704842,4.8246581790487095
