seed,attack_enabled,attack_scale,target_client,canary_src,canary_dst,canary_loss,control_loss,exposure_gap,target_rank,mi_auc,mi_member_mean_loss,mi_nonmember_mean_loss
202,False,1.6,1,125,126,4.848360690589342,4.864064829775075,0.015704139185733546,51,0.5,4.816065337848302,4.816062765409498
202,True,1.6,1,125,126,4.740824051543102,4.864000669770466,0.12317661822736348,12,0.484375,4.815631463646694,4.815628496401104
